{
    "weight_decay": 1.490205586181876e-07,
    "max_width": 38,
    "bottleneck": 15,
    "lr": 0.04730277595467049,
    "width_0": 19,
    "width_1": 11
}