{
    "weight_decay": 0.001260627979414435,
    "depth": 4,
    "lr": 0.030468680603668297,
    "width_0": 17,
    "width_1": 73,
    "width_2": 82,
    "width_3": 91
}